bin,subject,risk_seeking_lea,from_trial,to_trial,mean_asym_lea,mean_Rmean_lea,mean_P_lea,mean_R_lea,decodability_negative_PE,decodability_positive_PE,p_decod
0,228,-1.54614764392355,1,432,0.04232728659185,2.34528192511572,-2.31825800629264,2.4011115977222,-0.157746292282609,-0.0589924995863537,0.185201197255796
1,228,1.9600414855592,433,864,0.325242214086652,2.4950555728108,-2.14340846718966,2.93612450193589,0.0190445483323057,0.0308218629365495,0.185201197255796
2,228,-0.191782702626535,865,1296,0.441259263194029,1.86242211648344,-1.51524526041926,2.32212809710281,0.042115026997231,-0.223164322098689,0.185201197255796
3,228,0.704515272810474,1297,1584,1.11177777989964,1.3384019583026,-0.783568140473149,2.34971614659347,0.117356922484191,-0.0563362913425341,0.185201197255796
4,228,-1.71773708796457,1585,2016,-0.250962875662462,0.911832413371957,-1.05103268376292,0.814398364481655,0.0713460056064219,0.0206766784335441,0.185201197255796
5,228,2.52483321760233,2017,2304,-0.0602360446145494,1.51770802632735,-1.57853690641911,1.49754672588544,0.275296903217303,-0.0170962189487694,0.185201197255796
6,228,3.13389126089453,2305,2736,0.464462879676907,2.32845363961104,-1.86406187890334,2.94193097577536,-0.032284018632849,0.065190542472016,0.185201197255796
7,228,-0.896999670366825,2737,3168,-0.507362711332816,1.63169615869975,-2.10980341564944,1.28517087750883,-0.0620452933536201,-0.0195156470776271,0.185201197255796
8,228,0.00618368572673029,3169,3600,-0.0187037272267179,1.73731402574282,-1.7747604747265,1.75046664936407,0.101542050238943,-0.0709079299061182,0.185201197255796
9,228,1.29994242856262,3601,4032,0.174601239310632,1.60692853203224,-1.51558579558576,1.7701330461134,-0.127980390995225,0.221719352006348,0.185201197255796
0,230,-1.0950116388668,1,432,-0.135830668930247,3.73207523157354,-4.01442444451763,3.49153335968313,0.169365631388283,-0.084407732419677,2.97214953304195e-12
1,230,-1.71771673682621,433,864,-0.541611728199406,2.5219231695825,-3.31428765930092,1.93990532333813,-0.053930790546533,0.037971237584273,2.97214953304195e-12
2,230,1.42093192594872,865,1296,0.161469231377729,2.35877385349918,-2.18547517815936,2.5694319849646,0.185251210423392,0.0642027759631116,2.97214953304195e-12
3,230,-1.64245105770796,1297,1728,0.249195377440058,4.26071919161019,-3.77359626510837,4.82860170754223,0.0949346472777054,0.0773820577064624,2.97214953304195e-12
4,230,0.438841319285794,1729,2160,0.103079659337369,2.73457836392798,-2.61164494177975,2.88574082482847,0.0714452084097826,-0.0419787136723744,2.97214953304195e-12
5,230,1.9681302087609,2161,2592,-0.0508778818074364,3.51332153325818,-3.60902104933465,3.43895681651174,0.0994696003184084,-0.123312665791287,2.97214953304195e-12
6,230,-0.872584202710936,2593,3024,-0.45637569062963,2.68039974733341,-3.3695816333513,2.15323579977557,0.0103846231117951,0.0441762519282895,2.97214953304195e-12
7,230,-0.045787808572414,3025,3456,-0.263862130289086,4.21170286039292,-4.81470650628182,3.70656078977125,0.252728650221978,-0.0653836450287684,2.97214953304195e-12
8,230,0.613519045637375,3457,3888,-0.117905457719015,4.52874053376656,-4.80741093700962,4.31182902752942,0.100003065244744,-0.104404059467615,2.97214953304195e-12
0,231,-0.0414025324061744,1,432,0.5611640849694,2.05089324716192,-1.55968804001358,2.72975308229447,0.0317678057918158,-0.150387401491738,0.581331361207668
1,231,-1.98390106440612,433,864,0.168038963508809,0.756540611600327,-0.709906359131602,0.832189070193391,0.0615727285340806,-0.23935595770026,0.581331361207668
2,231,1.35170145410633,865,1296,0.17576149782192,2.3981851156984,-2.20711519803041,2.62516836403342,0.123025014305051,0.0897542603405116,0.581331361207668
3,231,-0.805878039722344,1297,1728,0.953292794471752,1.3637185009248,-0.86539350251731,2.19254833297215,-0.153716860171456,-0.0112751990141759,0.581331361207668
4,231,1.37768438126068,1729,2160,0.270731095541259,1.44558713315318,-1.28324266961713,1.65984066694229,0.0680454311612976,0.0126362662906041,0.581331361207668
5,231,0.948314817773972,2161,2592,0.434558082204558,0.903541472824359,-0.737641378596022,1.14098102138347,0.0328852889473482,-0.0232769264589514,0.581331361207668
6,231,1.5683103312302,2593,3024,0.94240358772513,1.87824194732843,-1.19809659512926,2.99772920877421,0.0511416133600074,0.0287750512226492,0.581331361207668
7,231,0.406900091870694,3025,3456,0.197211249414456,0.858106192778722,-0.808194197434701,0.957996087930905,-0.0268972936937754,-0.142981810456326,0.581331361207668
8,231,-1.73694094222856,3457,3888,0.360907309214787,1.91030724483792,-1.65465303733112,2.28824301060435,-0.062240278912489,0.0365355703484816,0.581331361207668
0,232,-0.76665579317166,1,432,-0.266285937295284,2.06410971409784,-2.37185847592118,1.82042998850723,0.181793561899053,-0.0336069434112628,0.000101482224880141
1,232,-0.684537698421708,433,864,-0.0249180799456562,3.03081099981719,-3.07957773030695,3.0033204502972,0.00901057750971139,-0.00875894446221953,0.000101482224880141
2,232,0.609998469179611,865,1296,-0.402315054514821,1.57244505890146,-1.93435018468901,1.29904183796327,0.0956171317559147,0.0812341172967677,0.000101482224880141
3,232,-1.53639117835597,1297,1728,0.17877080035538,2.69196256896761,-2.4785678424439,2.94624791760538,-0.019538693166558,-0.0763503507973577,0.000101482224880141
4,232,-0.785977888804959,1729,2160,0.0703301978028288,2.24546368265766,-2.17983447010417,2.33191394418065,-0.0568183889049265,0.0577343988635265,0.000101482224880141
5,232,-0.595847035058662,2161,2592,-0.618073782270898,3.31374312634408,-4.51077906125921,2.45168851106248,0.139377704008226,0.0736325522962395,0.000101482224880141
6,232,0.557612487043639,2593,3024,0.111355112484136,2.94086200883486,-2.7920535721312,3.12835884140612,0.0117190952942911,-0.155951709662795,0.000101482224880141
7,232,0.0948398416712561,3025,3456,0.153894333188698,1.94713117448693,-1.81664862097022,2.13107030060221,0.0476108527123499,0.136440333519584,0.000101482224880141
8,232,-1.16846731761009,3457,3888,0.176538175193134,4.14707246683696,-3.83880372398908,4.53805466185439,0.0640807311236793,0.0731960978608545,0.000101482224880141
0,233,-0.0795078829283124,1,432,0.697661661997742,1.97421379048944,-1.4123635261836,2.80098989723813,-0.0142931780321282,0.00813601592824525,0.252579441207375
1,233,0.93925727345728,433,864,-0.177194557590191,2.19487409429363,-2.4066345269929,2.02638469140906,0.0971441284765615,-0.104810868458235,0.252579441207375
2,233,0.125476564272655,865,1296,-0.000964408410671449,1.83365402124936,-1.84263590714798,1.84794230033962,-0.178397326969327,0.0595598687123074,0.252579441207375
3,233,-1.15833121165592,1297,1584,0.196609964092102,1.80078454854965,-1.64989781576662,1.99909738339683,-0.0556949192705481,-0.0409023638814926,0.252579441207375
4,233,2.45702349069011,1585,2016,0.57676294024199,1.94050817117065,-1.47314910200465,2.60347496617869,-0.135220735024172,0.0111783055426618,0.252579441207375
5,233,0.277553100746931,2017,2448,0.519552539703239,2.38275682951817,-1.87898890721572,3.07708619772734,0.0682655458548624,-0.0332016817495987,0.252579441207375
6,233,0.41703818001362,2449,2880,1.12950926898586,2.51056581596685,-1.45405559740546,4.40250507822158,0.0550250320997116,-0.0758399660998856,0.252579441207375
7,233,2.68309051987347,2881,3312,0.567710256454864,3.21679331518502,-2.45107917426181,4.26859623461836,0.0931102681238032,0.0992295615636324,0.252579441207375
8,233,-1.0265874624015,3313,3744,0.109231741370273,3.52015340908266,-3.37528039999609,3.72220275933021,-0.0837796778363652,0.017014997044506,0.252579441207375
9,233,2.19806034082408,3745,4032,0.757651245339621,2.40248572922152,-1.68170126133622,3.55250569649572,-0.225397744509665,0.142040069641177,0.252579441207375
0,234,2.50741527881103,1,432,1.71545834744532,1.52104651777347,-0.673960911939892,3.56531848318456,0.0368768641319236,-0.0919720465986329,9.00848617932896e-20
1,234,-1.42910360677006,433,864,-0.69271840480202,0.95023217775781,-1.35805863075757,0.686205640584217,0.175607310921411,0.0682203576439872,9.00848617932896e-20
2,234,0.418030920612327,865,1296,-0.146611288054,2.28861555662323,-2.46650531496111,2.14309610445486,0.217928417585751,-0.0775131705102393,9.00848617932896e-20
3,234,-2.20514729461402,1297,1728,-0.0420714866037787,4.19321275687671,-4.28926752332921,4.11229262089793,0.0646199954465226,-0.0229958358779999,9.00848617932896e-20
4,234,1.05247206475236,1729,2160,-0.397357898014668,3.00483296384964,-3.66766928395888,2.47935624040528,0.0923547972056573,0.06846459289961,9.00848617932896e-20
5,234,-0.688504946594346,2161,2592,-0.618950662370688,3.18368787496895,-4.33375506571014,2.3572332744293,0.176289279995706,-0.0968257847358294,9.00848617932896e-20
6,234,-1.07926927552425,2593,3024,-1.18769636238933,2.51955922977551,-4.53501162742746,1.42272241436494,0.208801007047922,0.118350713816005,9.00848617932896e-20
7,234,-0.963033717307594,3025,3456,-0.261978269103202,4.12545836713343,-4.70094202776356,3.65119885316254,0.241275916174649,0.0352308518671761,9.00848617932896e-20
8,234,-1.07801314330853,3457,3888,-0.384366876889436,4.90583645691574,-5.9323323038853,4.09719321783165,0.11266701151842,0.0774604802922953,9.00848617932896e-20
0,259,0.716551500723255,1,432,0.340911343632877,0.783761550760881,-0.68971931330317,0.94457510266896,-0.03417048221116,0.0259076851299877,2.64386890351189e-07
1,259,2.24653077761766,433,864,1.69417470135641,0.98200687071641,-0.443949853148276,2.26582967767144,0.0878967477780322,-0.0714494866664628,2.64386890351189e-07
2,259,0.607991229099435,865,1296,0.589382424732676,0.504444130426536,-0.406745665598541,0.678598032464493,0.0981158670331046,0.0110692988132638,2.64386890351189e-07
3,259,2.3109334792355,1297,1728,1.64463421842844,0.698485703037001,-0.32539002418482,1.57635095860822,0.0994573197970135,-0.0283525638724788,2.64386890351189e-07
4,259,-1.62562165505689,1729,2160,2.00376518365098,0.784726547340373,-0.306052593030537,2.1144798133693,-0.0301368104654593,-0.0450347234360974,2.64386890351189e-07
5,259,1.6435062154215,2161,2592,2.27007239504653,0.832184116213208,-0.285528934311786,2.54538263344432,-0.0239648580780259,-0.0740997027872193,2.64386890351189e-07
6,259,2.51718114411781,2593,3024,0.745056816528994,0.879024166163745,-0.649206923818475,1.26150890171189,0.140253454382674,0.0808134480433211,2.64386890351189e-07
7,259,3.07273076376939,3025,3456,1.56003717697931,1.3403105219996,-0.648414026238527,2.89073090964283,0.118267518639808,0.0931824575193859,2.64386890351189e-07
8,259,0.563432856176003,3457,3888,1.0693121948564,0.752391504150758,-0.467147417721038,1.28686771284237,0.0441516352952748,0.00454828963010343,2.64386890351189e-07
0,260,3.10174534497987,1,432,1.14383487523609,2.2858620825087,-1.31419925069895,4.05121940857265,0.0896838703443635,0.164088145316283,1.33959523847e-06
1,260,-0.173241112072122,433,864,0.764820340909603,2.07153921596376,-1.43277040815531,3.03491813152665,0.186714704416108,0.0117087628816967,1.33959523847e-06
2,260,-3.50839514682812,865,1296,0.593688853818834,2.11918093917905,-1.5916815366842,2.86011039678758,0.00975680857467178,0.0291153261357487,1.33959523847e-06
3,260,-0.286894094609516,1297,1728,0.209993585319198,1.55446201205498,-1.41195219282608,1.74064686707843,0.02575808113237,0.0208855537775415,1.33959523847e-06
4,260,-0.0610523060731014,1729,2160,0.609665587382025,1.70056999981533,-1.27702168852044,2.30430836689786,-0.0788699431759898,0.0963980496767287,1.33959523847e-06
5,260,1.94369808985294,2161,2592,0.770434556670135,2.89823221890868,-1.9938428411786,4.2634401610728,0.193082548784017,-0.043287238723545,1.33959523847e-06
6,260,0.821517253552301,2593,3024,0.475715079929077,2.32649947814706,-1.85256903775885,2.95500334018276,-0.0677817744624048,0.0293840026924645,1.33959523847e-06
7,260,0.898540627533303,3025,3456,0.694549435977462,5.41374917692885,-3.84374095628075,7.66536855180147,0.169290675812649,-0.143863161539268,1.33959523847e-06
8,260,0.963182571510362,3457,3888,0.47997255413244,3.11711976580078,-2.49223768921751,3.97997383000916,0.106104312349286,0.00544419711928764,1.33959523847e-06
0,262,1.0355100325204,1,432,1.65401822902958,1.86502250164067,-0.837844953092591,4.24539078189003,-0.0387951359004704,0.0717282802196465,0.813392280849622
1,262,-0.167346591680634,433,720,1.04233132755104,2.07151356506742,-1.25902220970797,3.46600736679896,-0.0238437328911645,-0.0128952934330113,0.813392280849622
2,262,0.15697762738334,721,1152,1.35842554824832,1.49807044896656,-0.789019892389299,2.94044946622338,-0.0429663186067637,-0.103068693963836,0.813392280849622
3,262,3.38356579901324,1153,1584,1.89198110178882,1.64760789661949,-0.655328260933592,4.21739052458791,0.0312183165602279,0.0301689318138357,0.813392280849622
4,262,-0.428811515770395,1585,1872,0.659812546988135,1.02695538343319,-0.757628249757639,1.43663469688318,-0.0623792604374181,-0.0721562430774084,0.813392280849622
5,262,1.90723726239524,1873,2160,1.30446659474727,1.21607471024343,-0.665660747203739,2.30918177933246,-0.0127935618392623,0.0488747041808855,0.813392280849622
6,262,-0.484245029186389,2161,2592,0.962878798157844,2.54752910305025,-1.59025068032319,4.1184958663444,-0.0551910967498363,0.0144369329263329,0.813392280849622
7,262,2.65246224321063,2593,3024,1.31629430654918,1.09104598832857,-0.607523365243571,2.08432353581907,0.0267187077111527,0.0463305386788876,0.813392280849622
8,262,-0.677738897313605,3025,3456,0.255882751691774,0.869473839579306,-0.801473818522953,0.991031345802271,0.030103093008843,0.120467306002341,0.813392280849622
9,262,-0.611261741998592,3457,3888,0.990078830427889,1.96186439560661,-1.29444397327938,3.1567086143834,-0.0219288971199171,0.00329328811035972,0.813392280849622
0,265,1.05135379903556,1,432,-0.00578199266811324,0.70075949172675,-0.782320766266677,0.687522306169164,-0.0851786875877882,-0.0425361748971085,0.191026054239975
1,265,2.8492621015229,433,864,1.47630250306802,1.75457533477124,-0.861140928298356,3.65225107996397,-0.115873460717629,0.190103952784262,0.191026054239975
2,265,0.741527766647568,865,1296,1.61033178452079,0.850577307683373,-0.39493917066039,1.88347343697484,-0.0198598459831478,-0.00176923282662345,0.191026054239975
3,265,0.96678973238236,1297,1728,1.7362550578005,0.625086893782465,-0.275326016607615,1.49116135019955,0.0737563807479736,0.00635550635469684,0.191026054239975
4,265,-1.02631350255382,1729,2160,1.00193142928795,0.908000706843405,-0.579434087349307,1.48040697593796,0.0717487824952862,-0.0412292530748634,0.191026054239975
5,265,1.64980361604035,2161,2592,1.04367367893568,1.2907524047628,-0.818727935547555,2.14498314515202,0.166440227829344,-0.0192739007832296,0.191026054239975
6,265,1.43132966099051,2593,3024,1.5594455248795,0.973616230722124,-0.46205715468065,2.11770744924348,-0.0868556749262523,-0.00742923977823817,0.191026054239975
7,265,2.32227425014905,3025,3168,1.06345454052055,0.654316267353217,-0.410986501895443,1.19701259376965,0.0702565242683891,0.41409156035355,0.191026054239975
8,265,0.766449502592812,3169,3600,1.96648001939645,1.11003073832974,-0.432996164561094,2.94308825924563,-0.102601262442227,-0.0226240014944746,0.191026054239975
9,265,0.238338804746842,3601,3904,0.85911498239409,0.79785133208654,-0.577935101389022,1.21652873626111,-0.0821868029622314,-0.0227615516187483,0.191026054239975
0,266,-0.589793504336818,1,432,0.269290109108611,2.54189492597587,-2.24236437677364,2.91437048821686,-0.0325543292080105,-0.0234950553355339,0.0419688134001112
1,266,-2.41015611618729,433,864,-0.0627172387489473,3.5926382788721,-3.70901841989133,3.49982487502,-0.0504806751330162,-0.0493117961402669,0.0419688134001112
2,266,0.564209128097996,865,1296,-0.117606914634045,1.79141140830757,-1.90707002368956,1.70350899147298,-0.0199039386225495,0.0450772391220315,0.0419688134001112
3,266,-1.97589804404878,1297,1728,-0.593594045219731,3.40953388903639,-4.58501107245947,2.55081957512169,-0.128374424575171,-0.069344264504606,0.0419688134001112
4,266,-1.32360628193143,1729,2160,-0.35685402638842,4.10990939943031,-4.91587059049696,3.45287205612414,0.030440023894356,-0.0694295986703213,0.0419688134001112
5,266,-0.397030571338734,2161,2592,0.0720075088338042,4.15124880048957,-4.01335096750995,4.32037230447872,-0.117397313807792,-0.117317866922981,0.0419688134001112
6,266,-2.561794116895,2593,3024,-0.271050390780138,4.06668893395053,-4.65887145772088,3.56905475510449,-0.171049055503924,0.0975982430456588,0.0419688134001112
7,266,1.07706344292932,3025,3456,0.360770120241567,2.60956335808366,-2.20456781454382,3.13582643099016,0.0589413900871557,0.00942134258386796,0.0419688134001112
8,266,-1.75139577370798,3457,3744,0.0436719057131594,3.71310505671768,-3.67705509578283,3.82220077867177,0.154512858657102,0.102870229968008,0.0419688134001112
9,266,1.63982714071273,3745,4032,0.239322254488447,1.87990838221586,-1.69369783549622,2.16006202486587,0.0797727582831466,0.0954400544591585,0.0419688134001112
0,268,-0.403194892821792,1,432,0.632047265604316,2.09885877572544,-1.55117311953477,2.88519534223472,0.153220637614393,0.0233230705730537,6.0641903728414e-07
1,268,3.11400070270788,433,864,2.21113160659159,1.97232367470953,-0.687079296889205,5.90008636136544,-0.0544542496281525,0.0318130448143561,6.0641903728414e-07
2,268,2.44636144163276,865,1296,1.65879257205365,1.58010772675884,-0.707748797011216,3.5973609979887,0.0978022168822544,0.0447278059235579,6.0641903728414e-07
3,268,1.70058341514035,1297,1728,0.969882034836754,3.1861647113685,-1.98078840325444,5.1617546528426,0.0550476816169887,-0.137396858109828,6.0641903728414e-07
4,268,-0.0437031275432323,1729,2160,0.817663471451199,2.95311544918406,-1.98225999166725,4.43962854790066,0.174165174742469,0.0383334887848075,6.0641903728414e-07
5,268,-0.352497977975596,2161,2592,1.21209435208549,1.68857927399251,-0.948666732902715,3.06783367832365,-0.134311399445065,0.0525875404300244,6.0641903728414e-07
6,268,0.861584924061982,2593,2736,0.573151727349213,1.34027342237672,-1.0600010251042,1.79720831998194,-0.195832694900409,-0.0552958117401094,6.0641903728414e-07
7,268,0.190588352126812,2737,3168,1.01172342594058,1.91421932923785,-1.18283187887973,3.16269290011437,0.123100559694384,0.113120580851465,6.0641903728414e-07
8,268,2.26372143576139,3169,3600,1.04262906378464,2.01445793216114,-1.2352138704914,3.3727254759888,-0.163556358963819,-0.00740390995029768,6.0641903728414e-07
9,268,1.82986257020028,3601,4032,0.746736065169939,2.69267679739813,-1.91149733189656,3.89047444413781,-0.332831933408305,-0.159702719755315,6.0641903728414e-07
0,269,-0.117893635000994,1,432,-0.146533632001151,1.31916020916458,-1.42413628501698,1.25386378942495,-0.146408268034555,0.0295954932528483,0.226899213298276
1,269,-1.2929771439898,433,720,-0.213919237841698,1.50822018521218,-1.70122543811486,1.37242603601917,-0.00255300588465418,-0.0225879810722562,0.226899213298276
2,269,-2.95565653337194,721,1152,-0.339618054440585,2.67704651034214,-3.17046349501992,2.27787997436364,-0.206945956823074,-0.0215524751996327,0.226899213298276
3,269,0.384227265728116,1153,1440,-0.611202544867029,2.74328755325574,-3.72213035264867,2.04786727957312,0.170520049539296,-0.176665870914199,0.226899213298276
4,269,1.84036686392419,1441,1872,1.1931522775936,0.933903512494311,-0.529559070533713,1.69950704804313,-0.0471884398051748,0.115114689552082,0.226899213298276
5,269,1.86794425850187,1873,2160,0.655459896212237,1.4073378133932,-1.05188381547952,1.93950177734307,-0.0374956906077646,0.172636284368646,0.226899213298276
6,269,2.34268383337998,2161,2592,0.307191208566547,2.04837267373825,-1.77639254912141,2.38939039615247,-0.206255974529306,0.0953773692180071,0.226899213298276
7,269,1.86642120301758,2593,3024,0.605097380461374,2.25046641003339,-1.68219320334731,3.04244836798026,-0.0797323021414752,-0.0629037120912528,0.226899213298276
8,269,0.55347547393655,3025,3312,-0.148963127336838,2.27249647265066,-2.46879452694046,2.12920169093131,0.064538892483435,-0.121347073648341,0.226899213298276
9,269,-1.39764333994824,3313,3744,-0.231536336738087,2.27372115270718,-2.57962369310077,2.04496075397486,0.135629223800592,0.0671934895499852,0.226899213298276
10,269,1.99338644821554,3745,4032,-0.148407609942348,1.59530285016092,-1.78332878162913,1.52032646792686,0.0422913673549169,-0.0274177090195354,0.226899213298276
0,270,0.650396087334374,1,432,1.05294127019,1.88785935613469,-1.12572204359601,3.19744450655368,0.15080311682979,-0.0652671824098615,0.339993204130804
1,270,0.00367863456638451,433,720,0.818124092553158,1.67052070295428,-1.12637289628409,2.52218908050223,-0.245322967435653,-0.253855928907119,0.339993204130804
2,270,1.67599117158912,721,1008,2.2337812476791,1.43758366208993,-0.49286338340644,4.36570469850171,0.0246610986891556,0.237432601480839,0.339993204130804
3,270,-0.697201850402881,1009,1440,1.10881125784911,1.52333517215573,-0.900876740614297,2.6325779699174,-0.0167420066662933,-0.0822190866533763,0.339993204130804
4,270,5.37301349209469,1441,1872,1.03392727708387,1.07975744424221,-0.671831291397892,1.80336955523144,0.072498197533698,-0.0014152111606979,0.339993204130804
5,270,-0.103418889971599,1873,2304,0.660340528349785,1.31790168471569,-0.95727834501695,1.83815945722574,0.065439187067697,0.00993719540426801,0.339993204130804
6,270,-0.21867364198117,2305,2736,0.904955561350502,2.61007100903052,-1.7229974775727,4.04842883638219,-0.015640474434675,-0.0709615578833364,0.339993204130804
7,270,0.055984987201652,2737,3168,1.56038479922885,1.19995462107491,-0.5628870534634,2.61318892301454,-0.0541259411020797,-0.0034174026025603,0.339993204130804
8,270,2.37645581581258,3169,3600,1.70430089881151,2.1172104354855,-0.964231358747564,4.84934506828969,-0.102318872876074,0.0316911481009558,0.339993204130804
9,270,1.22306676838323,3601,4032,0.805129929514511,2.3562342162854,-1.62199296054297,3.52403583660357,0.10593148679947,-0.134133120677093,0.339993204130804
0,271,0.069581067982157,1,432,-0.0611812884546886,4.56505519357591,-4.71247696201148,4.43511117384969,0.0460549790183163,-0.0627198524403729,0.195293810244531
1,271,-0.865246493067616,433,864,0.0596289151628171,4.30385883287065,-4.18216213020687,4.44212365169244,0.0508086363079108,-0.127576632827578,0.195293810244531
2,271,3.09387500761136,865,1296,0.674336236924836,5.59155335287294,-4.00188383102531,7.82754779465603,0.150108002881397,-0.0762053066198698,0.195293810244531
3,271,2.19807421285918,1297,1728,1.23137821983744,1.41400463501774,-0.774417874565993,2.62826383395078,-0.0516643818024933,-0.118566441400756,0.195293810244531
4,271,-0.820445612740868,1729,2160,0.136760796463817,5.00204383121944,-4.67508641565794,5.36454253706139,-0.0636942481446558,-0.0426387271274516,0.195293810244531
5,271,1.79810029269525,2161,2592,1.1487153057035,2.70610978139104,-1.57683473602875,4.78711760420169,-0.0236489907054727,0.0207235600844365,0.195293810244531
6,271,-0.313184159358446,2593,3024,0.473707607955207,2.15594900431713,-1.73985792070643,2.72222859685316,-0.0195555826093766,-0.0937854210598954,0.195293810244531
7,271,1.47908217592218,3025,3312,0.48940729207143,1.63661955911468,-1.33354220504077,2.06587044940372,0.0959112049627081,-0.209853145249609,0.195293810244531
8,271,2.88395679679758,3313,3744,1.40787172044701,3.39835905520612,-1.72411961614173,6.80868222241293,-0.0818974839524614,-0.120199027274607,0.195293810244531
9,271,0.0352810349955739,3745,4032,0.807952397410409,2.27481442408671,-1.57631257390726,3.40531321646806,-0.0466667562223104,0.0353747394642174,0.195293810244531
0,272,2.21711908143858,1,432,0.661740058768882,3.21977833540337,-2.33307230818474,4.4799295208656,0.212928053890208,0.00367321543362482,0.0685238214305283
1,272,2.6754281975827,433,864,1.01690084387363,4.3671248233661,-2.6418626510593,7.25471462188149,0.0791301012807179,-0.0880521280511191,0.0685238214305283
2,272,-1.56472380759314,865,1296,0.626339035807068,4.51224310371485,-3.3125257713241,6.17193958226687,0.0403583504979729,0.123500169662442,0.0685238214305283
3,272,1.68192276542358,1297,1728,0.69792591454939,2.26408669514085,-1.611290328635,3.21044461159869,0.00573418492960825,0.148181851062561,0.0685238214305283
4,272,0.899717759424316,1729,2160,0.751947439107237,2.74482131270213,-1.90396108532504,3.99034223333513,-0.0473168877981169,0.160081100341327,0.0685238214305283
5,272,1.11514919610352,2161,2592,0.960827494923359,4.07557908276015,-2.54116122696903,6.57675494772934,-0.029240377004526,0.0705744609107943,0.0685238214305283
6,272,0.90898242673662,2593,3024,0.524755643188795,3.25862679822623,-2.54446249879897,4.21721114736913,-0.176878285739835,0.0241574339984026,0.0685238214305283
7,272,3.30274699385166,3025,3456,0.837211772853716,4.17138884075539,-2.77624068957549,6.32568466181392,-0.146424013746314,0.119447468508685,0.0685238214305283
8,272,3.06611388729807,3457,3888,0.573264125584475,1.78386783423624,-1.37399602933964,2.37408390336799,-0.204873949634884,0.000484130883432809,0.0685238214305283
0,273,-2.65705361985856,1,432,0.747850014131267,3.09618473943546,-2.14867428097465,4.50372017154596,0.182073647197569,0.038680441045899,0.25092498729562
1,273,0.125982268097288,433,864,0.875831479049003,1.94282243423846,-1.27027793569308,3.01326109069989,0.13986029256803,0.113454404436976,0.25092498729562
2,273,0.293369232204536,865,1296,0.709402641310842,3.59856041505249,-2.53991629547813,5.12773396713223,-0.0702889041947209,-0.0922759486135485,0.25092498729562
3,273,0.165128726679178,1297,1728,0.728808210250724,3.70524595375933,-2.59458828659246,5.32458562058947,0.0801592594513257,-0.00506553104231678,0.25092498729562
4,273,2.5649397522607,1729,2160,0.950669488415074,2.64087948803304,-1.65618354423321,4.24854460481097,-0.0303686116800887,0.13706420258044,0.25092498729562
5,273,1.96020583710209,2161,2592,1.65807847428626,1.56475855100603,-0.701819407713156,3.5631171449533,-0.0397869026832856,-0.0630758943178414,0.25092498729562
6,273,1.16257745723083,2593,3024,0.35696610982253,3.28666502957761,-2.76925144916581,3.92600452246139,0.100056346700443,0.066622532180818,0.25092498729562
7,273,4.25309333220912,3025,3456,0.89285846032159,2.93769336852497,-1.92687752939914,4.55501109546142,0.141605525628556,-0.0401988350510532,0.25092498729562
8,273,-0.626600923984675,3457,3888,0.947206598023633,2.18338626375373,-1.40125039550225,3.49584531505982,-0.164841126821652,-0.043707469882573,0.25092498729562
0,274,0.514653511572076,1,432,0.0680821020458861,2.20382079855676,-2.14558200919834,2.29457906396214,0.181133342674853,0.0629693588465294,3.53134300854668e-05
1,274,2.00834978231013,433,864,1.39179828221784,1.58095681710605,-0.803765279045683,3.16488045689482,0.0189749009985065,0.15123774426444,3.53134300854668e-05
2,274,0.337675192901868,865,1152,0.227075793473386,5.59429078193952,-5.01057751921444,6.26541538730443,0.217103914933812,-0.084306368815288,3.53134300854668e-05
3,274,0.870082563110369,1153,1584,0.57761707035858,1.80590864645659,-1.36686812324402,2.419112657341,0.158031683555652,-0.0319340169388491,3.53134300854668e-05
4,274,2.056424776021,1585,2016,0.956371917976709,3.1134930230836,-1.94700049961565,5.0151787226656,0.132423641346721,0.0747659216166691,3.53134300854668e-05
5,274,-1.63969193180916,2017,2448,0.320498182548775,3.77573788385594,-3.238175828401,4.42636429109382,-0.0798484515209206,0.122955596095624,3.53134300854668e-05
6,274,1.40527953163902,2449,2880,0.720264379890383,2.86988914120006,-2.03654261721539,4.0929775839949,0.040319716477628,-0.0443374721225215,3.53134300854668e-05
7,274,0.844280344330691,2881,3312,0.392994356002136,3.6216110918755,-3.00415015983801,4.40303880092076,0.061875900283457,0.139396318830587,3.53134300854668e-05
8,274,2.84392022054226,3313,3744,0.61455250888016,1.81989923191336,-1.37726511194826,2.47769843115057,0.0556920473299945,-0.00376431461113289,3.53134300854668e-05
9,274,2.29710096950943,3745,4032,1.73201511566037,3.01443283020908,-1.32241385152774,7.29360324199583,-0.0345681994447461,-0.0343329619621849,3.53134300854668e-05
0,275,0.791474628938705,1,432,0.958485671928813,1.76019078269376,-1.11142080728932,2.83877910239911,0.169120269427468,0.0649278932147942,0.492624260873005
1,275,3.28055206689564,433,864,1.40127218980126,3.29215422921248,-1.65913004401288,6.59669504030279,0.0419859944062691,0.00690500445088134,0.492624260873005
2,275,0.759174271396671,865,1296,1.42748489207267,2.06525841865778,-1.04754634013349,4.17375673909994,-0.161792307056773,-0.109044898281772,0.492624260873005
3,275,2.82249157831751,1297,1728,1.74057632218793,1.93792450995432,-0.82691229352882,4.60581425855395,0.152118782760761,0.00218488907329121,0.492624260873005
4,275,0.830672588722303,1729,2160,0.90011962969753,3.31346161980101,-2.13874022399302,5.17830946726752,0.0717671940934518,0.0439686567514775,0.492624260873005
5,275,1.30276692183408,2161,2592,1.31325648133178,2.67497783519003,-1.40435870773862,5.14795149327166,-0.00274499140562649,-0.163528068050633,0.492624260873005
6,275,4.28522267322719,2593,3024,1.16818282405044,2.33719841202861,-1.3276736456246,4.16383737066398,-0.116759927757436,0.0777260428419064,0.492624260873005
7,275,0.567880043506087,3025,3456,1.26300043521536,3.17147431328046,-1.7350650909955,5.90536413474423,-0.176586393526501,-0.0571141777434842,0.492624260873005
8,275,-0.123794501832001,3457,3888,1.23515595864763,2.3351127157645,-1.29247704067104,4.30787363388094,0.124832188341353,0.132063072461847,0.492624260873005
0,276,0.439377294843162,1,432,1.61882257924001,1.59112220341618,-0.737013685580759,3.55785396705979,0.0707902949396017,0.105843344567532,0.350610637062316
1,276,1.40004737537144,433,864,1.53027751131975,1.66648366344495,-0.826203905776604,3.52543034228594,-0.323047250458057,-0.396225304043756,0.350610637062316
2,276,1.9869421419292,865,1296,1.63326836866162,1.52768531476062,-0.69219699806682,3.43284496690155,0.0458435637362353,0.0466517602634265,0.350610637062316
3,276,-1.37568299495023,1297,1584,0.537832970538349,1.23029611942117,-0.952383653178205,1.64099908278654,-0.206157495836837,0.0749823784839746,0.350610637062316
4,276,1.46594572905179,1585,1728,-0.369931393282671,4.24784376968691,-5.10112412597412,3.57983318367115,-0.0896507834079873,-0.177774467902019,0.350610637062316
5,276,-0.149133593196585,1729,2160,0.702013913507956,1.77253202765132,-1.26643397484961,2.5261107325852,0.041674135224441,-0.0210509352031444,0.350610637062316
6,276,0.80225670897931,2161,2592,0.112392338583218,3.19853989127004,-3.04588823817604,3.38528904493645,-0.0160540477587853,-0.0163001692042969,0.350610637062316
7,276,1.17644279048019,2593,3024,0.087910698559469,2.39139621119553,-2.29840992509791,2.50702362028175,-0.0690201206817112,-0.0202709086746892,0.350610637062316
8,276,1.03698606135546,3025,3456,1.75383420571493,1.28508937569109,-0.559621511849503,3.05505136180805,-0.0998342037410128,-0.00251160936289983,0.350610637062316
9,276,2.79870594488068,3457,3888,1.0157009703951,2.49397937610124,-1.59417619766626,4.05664600896717,-0.0661918183054548,-0.111639933722755,0.350610637062316
0,278,-1.30874940146905,1,432,0.215423082106596,4.08575990066456,-3.67978886640435,4.56301176914637,-0.0176597145117068,-0.154851455280956,0.192120347908512
1,278,-0.570129954822407,433,864,0.117447031666103,5.31778124989886,-5.02174658921983,5.65064655880213,0.0419752603144993,-0.140692169339769,0.192120347908512
2,278,-3.83558364912173,865,1296,-0.394318851222431,8.13809628036617,-9.91973409343537,6.68752820537328,-0.207844031892526,-0.206809552901374,0.192120347908512
3,278,-1.07712520405295,1297,1728,-0.0820164368951004,5.74261029517371,-5.99400843140717,5.51954077233829,0.112696867497376,-0.0497441818888378,0.192120347908512
4,278,-0.417843147033272,1729,2160,0.107087079455886,7.32533424377809,-6.95271328983993,7.73320205378186,0.115597931778101,0.0150365211116478,0.192120347908512
5,278,-2.63082684814248,2161,2592,0.0339294713929542,8.77274605901765,-8.62777667207273,8.93394795824999,0.107577516074758,-0.126776092855784,0.192120347908512
6,278,0.770735960219702,2593,3024,-0.0933912979353007,9.0888989205901,-9.53364204178978,8.68648152125722,-0.0090546207561585,-0.0218578469557829,0.192120347908512
7,278,-0.00816575374575897,3025,3456,-0.0501972596841963,7.06410520820951,-7.25821449707596,6.9064898784791,-0.051549443923702,-0.116147526416826,0.192120347908512
8,278,-0.861500404706356,3457,3888,0.128424499670617,6.97327564886958,-6.58648374784627,7.43713522147403,0.0547062278512986,-0.00596098613111862,0.192120347908512
0,279,3.62653876185623,1,432,1.77493863011091,2.90697700068943,-1.22149444806636,7.00760155662408,0.0186881712789482,-0.00585067618487767,0.0843492312376294
1,279,0.147422945473909,433,864,0.784464989730045,3.46757404532202,-2.36010901291994,5.13713955873748,0.0932186825329457,0.00698622721346426,0.0843492312376294
2,279,0.32890669533478,865,1296,1.10739775042805,3.8971210098126,-2.29735413210511,6.70268604915853,-0.119676819877832,-0.032012174339035,0.0843492312376294
3,279,1.77443090823389,1297,1728,0.625980717808383,4.07774164287669,-3.00882785356472,5.57418779465408,0.0816848663074527,0.0725179693169185,0.0843492312376294
4,279,1.94818515333297,1729,2160,2.18047610436291,1.58335936303594,-0.541899293762792,4.69609422316218,-0.00801779901278612,0.0932559774201815,0.0843492312376294
5,279,2.13651590243345,2161,2592,0.540181005331999,4.01092717085339,-3.09412192517997,5.23673742412368,0.112328761366919,-0.0291996061651872,0.0843492312376294
6,279,0.449142497235762,2593,3024,0.671736341833335,2.98652410235729,-2.14559752246412,4.18987383040761,-0.021950696323868,-0.00636367875682894,0.0843492312376294
7,279,2.75467145651804,3025,3456,1.32343206676508,3.14681554163388,-1.67421119936755,6.03624987421487,0.0952605958140463,-0.078546910730356,0.0843492312376294
8,279,2.35689851758578,3457,3888,1.51809509785714,2.40219809344935,-1.15239977514272,5.12177549184638,0.0147008929815712,-0.0177102985084817,0.0843492312376294
0,280,0.256650281655132,1,432,0.03726130593335,3.29752187535715,-3.24819568352368,3.36787241148194,0.0110328664964078,0.0151977302548701,6.72575619602988e-08
1,280,1.52463970130937,433,864,0.0332364877598194,4.27049946887328,-4.210341504944,4.34737319880708,0.16530393133364,-0.128360902276488,6.72575619602988e-08
2,280,-0.995694956787318,865,1296,0.261221664931371,3.29968294574337,-2.90326359766972,3.77173023009274,0.0789363026856102,-0.0270141184198498,6.72575619602988e-08
3,280,-0.555452918931586,1297,1728,-0.654690199398126,2.35329410169016,-3.26232432334497,1.71618656934535,0.0602003015586056,-0.0719043299917809,6.72575619602988e-08
4,280,-2.71364037736772,1729,2160,-0.407878051354438,3.44622869779363,-4.23308439808042,2.82463037616573,-0.0176822666403461,0.11412425463798,6.72575619602988e-08
5,280,1.9057869635141,2161,2592,0.823674267293301,2.45190704842907,-1.64260737032845,3.7020792358676,0.113378745018073,0.0131560245502685,6.72575619602988e-08
6,280,1.82480159248933,2593,3024,0.176486288496783,3.36877500561279,-3.0919220509119,3.6991890608493,0.180744391019722,0.00493292477984391,6.72575619602988e-08
7,280,-1.06646006702126,3025,3456,-0.266072308405353,3.43209186258061,-3.93568804594965,3.02505839163632,0.0795665394716905,0.000159906181180863,6.72575619602988e-08
8,280,2.2058925696308,3457,3888,0.747327194490696,2.90326572423315,-2.04083907972628,4.22977899368988,-0.0515395058317162,-0.0799679232567971,6.72575619602988e-08
0,281,3.23084074676375,1,432,0.86234205318837,4.50182277176164,-2.96343170472791,6.92031351123911,0.0401251520398205,0.0104682663097814,0.00897201226936885
1,281,0.694456966357039,433,864,1.39337218614004,2.00157962311894,-1.01619290750649,4.00691340614146,0.0601073303195814,-0.146355685477037,0.00897201226936885
2,281,0.169741309462796,865,1296,0.968204603177907,3.07674497616877,-1.91595059103886,4.99333211481683,-0.0109949842085417,-0.0548635945521749,0.00897201226936885
3,281,4.52540821242077,1297,1728,0.984920028729313,3.63527309690515,-2.24196965514787,5.94789420637962,0.0734619945905799,0.0399202460907131,0.00897201226936885
4,281,1.83858132923797,1729,2160,0.114553497188806,4.3196034874989,-4.09470271072844,4.57743242626317,-0.0494809331792827,0.0534625346825107,0.00897201226936885
5,281,2.83888202334669,2161,2592,1.52576099143161,2.91965884688161,-1.38286682749137,6.2314298085313,0.00780708658913181,0.0264094235057276,0.00897201226936885
6,281,1.22895733324718,2593,2880,1.19312996363424,2.20769789179138,-1.24559113716189,4.01025310510084,-0.0446975450764248,-0.0243817085460939,0.00897201226936885
7,281,2.994911989607,2881,3312,1.33574241964933,2.47320397235778,-1.32320881728158,4.75787390014343,0.032684047770449,0.065469260964769,0.00897201226936885
8,281,1.54934357961411,3313,3744,0.765545912590289,3.10388328428496,-2.15692591070039,4.5352895167417,-0.0801229587072332,0.0705470052446285,0.00897201226936885
9,281,1.00629630832456,3745,4032,0.409516900517099,2.36029117721061,-1.98980308713886,2.90744255237066,-0.0768138780392059,0.168398502249787,0.00897201226936885
0,284,1.23383302186962,1,432,1.49363128745414,2.16562091290758,-1.06353332289514,4.52944753140443,0.0462077083588679,-0.0311564524215745,0.0150034486455095
1,284,2.31796585226888,433,720,1.43278157461312,2.00499077503183,-1.01461427796796,4.05935223946769,0.0655134254940682,0.0510848112396293,0.0150034486455095
2,284,-0.767168533500804,721,1152,1.13596085899816,0.912167715603136,-0.539823254678837,1.59877657329373,-0.0195707283659448,0.0959372401270094,0.0150034486455095
3,284,-0.418312761895467,1153,1584,0.233993437862901,2.15570709201487,-1.92855160141217,2.43267467804269,0.0532825990182493,-0.166119244047326,0.0150034486455095
4,284,0.658771272181543,1585,2016,0.798363662062152,0.554349411386277,-0.38606777110529,0.836542826073213,0.201789419119723,0.0125001320368542,0.0150034486455095
5,284,3.52301983415188,2017,2448,0.208985691742853,2.33101054307255,-2.12487493158191,2.5846891652295,-0.0403349381966639,0.0399883215415439,0.0150034486455095
6,284,0.557630779522311,2449,2880,0.00495342074296988,5.04301152550403,-5.05345276327208,5.05297548458754,0.213575619270523,-0.0259534063981326,0.0150034486455095
7,284,0.29522456928651,2881,3312,1.24081186844172,2.25118906480491,-1.24482092655511,4.15738938466803,0.113464138595294,0.0517433449920951,0.0150034486455095
8,284,-0.210888453458906,3313,3744,0.729737161421767,2.72498739785961,-1.9506613860636,3.89724093365894,-0.0251818147253984,-0.0207534140716667,0.0150034486455095
9,284,-1.13232659602506,3745,4032,-0.558635857464096,1.94494406969963,-2.66168264968338,1.50368988645991,0.0483708983775231,-0.139318983866389,0.0150034486455095
0,285,-0.222515283474669,1,432,1.64171006720592,1.12500431991236,-0.514254151872702,2.53803465802479,0.0522197786663971,-0.0147243286362881,0.0643350038152119
1,285,1.13733256971093,433,864,1.86281754609438,1.17843395870743,-0.516685696975688,2.90458778420226,-0.0565342019194031,-0.0290574644167173,0.0643350038152119
2,285,-0.551103374899545,865,1296,0.590918646779262,0.71310308886615,-0.559935288570621,0.968599995060799,0.0599436956969727,0.0835528972866745,0.0643350038152119
3,285,0.199212279981902,1297,1728,0.126784342036284,0.940782516466377,-0.913753905821415,1.01621145381442,0.0579019426258778,-0.0950677150389752,0.0643350038152119
4,285,1.00837817385534,1729,2160,1.3081121313204,0.936603993144986,-0.507478333471392,1.78879044838793,0.00304935319848108,0.0229176547088412,0.0643350038152119
5,285,-0.16179341171576,2161,2592,1.16499462928179,1.32074404444568,-0.773783791229426,2.33028841754591,0.239804490409853,0.0673301776415301,0.0643350038152119
6,285,-2.01909027154564,2593,3024,0.440191741249372,0.982698884921074,-0.827220954534804,1.22357795328774,0.159824905525339,-0.081335470942008,0.0643350038152119
7,285,3.23689510469714,3025,3456,2.25147808892669,1.03898870450394,-0.361348476030407,3.15824102523808,0.0276221230875897,-0.0140539448592437,0.0643350038152119
8,285,1.74818945110721,3457,3888,0.332642841288213,0.803861637130099,-0.714294266253941,0.97890213099085,-0.125348544835956,0.111326347228074,0.0643350038152119
0,317,0.498991973658946,1,432,1.87909253520577,0.722196664248808,-0.307825086400633,1.83130101932326,-0.0524301847052164,-0.0377824934407462,3.00085846740915e-07
1,317,2.59155832501763,433,864,0.355074574044533,1.0106155020664,-0.88004141192844,1.21636521648613,0.272716302991003,-0.107065721544816,3.00085846740915e-07
2,317,0.6108696041242,865,1296,-0.0476912233913442,0.468172185724856,-0.514790152887943,0.458618971115687,0.0308439191758388,0.0352627194308292,3.00085846740915e-07
3,317,2.68600312928737,1297,1728,1.08280495214143,0.717436670196742,-0.440211713389971,1.22519689356762,0.187779093600792,0.0872593528311338,3.00085846740915e-07
4,317,2.1744174149006,1729,2160,1.6885268545954,0.955632454004068,-0.427215161362381,2.20712920135832,0.100262170423712,0.224550029158137,3.00085846740915e-07
5,317,1.19933092468281,2161,2592,0.457418109145652,0.824578001723852,-0.694077079985939,1.04627530942926,0.0143575236692062,-0.217979431059642,3.00085846740915e-07
6,317,-0.669575338951148,2593,3024,1.67595210631441,0.842654520392921,-0.377863325074546,1.94550765546566,0.265784641853133,0.0710896610744976,3.00085846740915e-07
7,317,3.47843793651566,3025,3456,1.9360564456807,1.01947301457604,-0.424046387879527,2.62556664286968,-0.202653145247586,0.0549034162634839,3.00085846740915e-07
8,317,3.34307256998941,3457,3888,1.25093302114762,0.757511060704124,-0.436571435783715,1.43647539675369,0.064979997571995,0.0370502919820477,3.00085846740915e-07
0,318,1.1598803803967,1,432,1.21674489289186,3.14530378592021,-1.7398343784018,5.7450138136412,0.00041111979506232,-0.0850521378291207,0.000369176071375396
1,318,0.236377637793977,433,864,1.20252287288734,1.40966571509999,-0.82724278688068,2.50726555314646,-0.0168036596011249,-0.173926169461964,0.000369176071375396
2,318,-0.31393721358618,865,1296,1.68352076579049,1.46494421886935,-0.648015111342839,3.387666189881,0.0052807318810454,0.0841586755951155,0.000369176071375396
3,318,0.147129610366192,1297,1728,0.570862052194708,1.92383799134636,-1.46306233957806,2.56511256855058,-0.0529422720654705,0.00217300387326413,0.000369176071375396
4,318,1.4123380927395,1729,2160,0.488521796898608,4.1775967744108,-3.29994277005458,5.3148176089757,0.0633815793156904,0.102464832489574,0.000369176071375396
5,318,3.5903191650329,2161,2592,1.12064845125447,2.06962326592617,-1.20577083171667,3.60193374646428,0.0465435110889001,0.177015177746779,0.000369176071375396
6,318,0.496457172770007,2593,3024,0.871844090267115,2.70729960094326,-1.79738615775254,4.15677577734004,-0.0259500983353567,-0.0864122926984972,0.000369176071375396
7,318,2.26109748858951,3025,3456,1.19657163683201,2.32911037874706,-1.31536008568171,4.20187698201148,-0.0133603742393062,0.0376105450843543,0.000369176071375396
8,318,2.15297841316485,3457,3888,1.04431638504945,2.40766834905452,-1.46443358143845,4.03493845017396,-0.138529455862733,0.054000308341953,0.000369176071375396
0,413,4.01756912981753,1,432,1.50458257012699,5.06890386810403,-2.41928743072551,10.7120966419674,0.0716550163959727,0.0179906013043828,0.00659849370755312
1,413,3.30753171415365,433,864,0.501414833157738,7.36533097231522,-5.74547995279873,9.46738664015822,0.100652437830565,0.146363854145961,0.00659849370755312
2,413,2.85567560405433,865,1296,0.79385373696214,3.51426658014817,-2.379597446144,5.23125318558464,0.0308565563129718,0.168215588814657,0.00659849370755312
3,413,3.98313652254975,1297,1728,0.628292813378713,4.88255974402603,-3.58586301753935,6.68143481599601,-0.0180908396907641,-0.0405217466243778,0.00659849370755312
4,413,-0.904013252271449,1729,2160,0.645329565966672,4.25817362350436,-3.10266802408237,5.87440648935309,-0.140271760652812,-0.0650753183316076,0.00659849370755312
5,413,1.32833887492399,2161,2592,1.73034310931141,2.72710067542993,-1.16578790927934,6.45470254352145,-0.0988836575292575,-0.027455323707992,0.00659849370755312
6,413,1.85311272328241,2593,3024,0.55422539353199,4.94501049175993,-3.78020105763267,6.50590659907221,0.0320631212358119,0.0292483856436081,0.00659849370755312
7,413,-0.544897058983939,3025,3456,0.702204222687407,4.45043795965933,-3.15783033054929,6.32372159135564,-0.087116767950357,0.21479624177024,0.00659849370755312
8,413,-0.0823504977353674,3457,3888,0.596592542803994,3.61464825401066,-2.72967133080114,4.88041320545392,0.0495113831408304,-0.141707744079918,0.00659849370755312
0,414,-0.553159878163214,1,432,0.955890467955775,1.10556379916084,-0.709540949514193,1.7827548274082,-0.0112242305711235,0.138936358524087,0.00014348946676366
1,414,-0.730814236473216,433,864,-0.507852656256058,2.05281839422607,-2.64745616027406,1.61699132341326,0.144761713899729,-0.0646928520398545,0.00014348946676366
2,414,1.77026908106399,865,1296,1.14511839532615,2.33618211221081,-1.33294150622445,4.14011214138767,0.0348956818397085,0.0437684973112948,0.00014348946676366
3,414,0.32091188894046,1297,1728,-0.0593923642931145,2.45034835223907,-2.52959993728244,2.3915961821812,0.0940913080732476,-0.0753991725376915,0.00014348946676366
4,414,-0.750105204600168,1729,2016,0.592585492059367,2.02779824259654,-1.53419977081703,2.72260969407279,-0.0409139070708563,0.131528990551204,0.00014348946676366
5,414,-1.67503121114531,2017,2448,0.685586977656184,0.992457953918794,-0.731310908705736,1.39223974674316,-0.0439024881139959,-0.090179511068975,0.00014348946676366
6,414,0.163975200277405,2449,2880,0.456363846859153,1.37870463039429,-1.11983229127835,1.74129808519979,0.263081481186019,0.216941367070751,0.00014348946676366
7,414,-1.64733775085016,2881,3168,-0.271831872836891,1.12160884307908,-1.31402165717808,0.996686536616139,-0.202785111893224,-0.000539949396485722,0.00014348946676366
8,414,-1.81158675575699,3169,3456,0.013058041968852,1.08334770152121,-1.13811091801562,1.10195615783103,0.000674293795625548,-0.0869769225941854,0.00014348946676366
9,414,2.38073136457388,3457,3744,1.4182946731799,2.72122719276366,-1.39942942298884,5.50138604817048,-0.141388689692565,-0.113550105270245,0.00014348946676366
10,414,-0.42862903713014,3745,4032,-0.256883034536478,1.73287992697465,-2.06514085068252,1.57638417206511,-0.0511491474756643,-0.162013108844983,0.00014348946676366
0,415,-4.46729894083965,1,432,-1.67684888431919,1.88144895880022,-4.30197337923181,0.844846550211178,0.0481694984045238,0.0502585866412229,0.485871923939175
1,415,-3.64519649918085,433,864,-1.80775719061389,1.11623847071501,-2.7307382702644,0.474178849623176,-0.00612066253512912,-0.0532220985346393,0.485871923939175
2,415,-4.02639449576419,865,1296,-1.73548331294003,1.25868766296744,-2.95701574571985,0.55568086662902,NaN,NaN,0.485871923939175
3,415,-2.12045595501587,1297,1728,-0.458779962435834,1.95550955192653,-2.45771857768581,1.57722970234395,NaN,NaN,0.485871923939175
4,415,-1.50520042250041,1729,2160,-0.530657454907394,1.98243090465261,-2.58232290642453,1.54139584051334,NaN,NaN,0.485871923939175
5,415,0.0873487989719651,2161,2592,0.00688457334578946,1.83338491089569,-1.85115492466381,1.85519395211117,NaN,NaN,0.485871923939175
6,415,-2.90645024812497,2593,3024,-0.84697848468851,1.05966588096925,-1.61900438405133,0.714485200315592,NaN,NaN,0.485871923939175
7,415,-2.42548550839249,3025,3456,-1.07556195078311,1.93859149250087,-3.30381131956444,1.16598678957943,NaN,NaN,0.485871923939175
8,415,-1.25401682278236,3457,3888,-0.0486194261976863,1.33446049423272,-1.3850459005949,1.36132489990873,NaN,NaN,0.485871923939175
0,416,-1.05335371365381,1,432,0.236892066309948,1.78305394961297,-1.60340926251936,2.01710996745757,-0.107522691207554,0.101176100391516,0.386171909203535
1,416,-0.606257348177801,433,864,-0.397921593086035,1.78803384938311,-2.17593919635736,1.49498413777711,-0.0300118955624765,0.0501259266125632,0.386171909203535
2,416,1.04241637257086,865,1296,0.401278316080744,4.5482026833107,-3.73008820514137,5.56433662737437,0.0750983916147206,0.15061101084706,0.386171909203535
3,416,-0.402315639630474,1297,1728,0.0736575497099581,3.82374090564339,-3.69555249892457,3.97291841467881,0.0632169327187712,0.104235326060157,0.386171909203535
4,416,1.64520367011263,1729,2160,1.20549125228467,2.2067841467925,-1.23082992079178,4.02066233172626,0.0824006524751357,-0.0538021824991855,0.386171909203535
5,416,-0.416358841906874,2161,2592,0.349038342214355,4.26607728674604,-3.59043875021562,5.09014730338972,-0.0188783571240006,0.0701646267466024,0.386171909203535
6,416,-0.193930189276146,2593,3024,0.615780818870894,2.19180516079173,-1.64204647548612,2.97762544527828,0.00862417984947102,0.136359186734759,0.386171909203535
7,416,1.04021993149824,3025,3456,1.16714447174349,1.91892806373066,-1.09520445407969,3.45665569058496,-0.106177711273494,0.107253894456355,0.386171909203535
8,416,0.107729050592268,3457,3888,0.788943448030256,2.63005689763277,-1.80987758846034,3.91060321407524,0.118615379771831,0.0870470218324558,0.386171909203535
0,417,1.00002078177586,1,432,0.548317327878612,3.2908262789907,-2.51863875887306,4.34286902247511,0.176067667375031,-0.0615255950881283,0.0121562321777771
1,417,1.14451525025577,433,864,0.791511949980277,4.20628926777964,-2.84942067771629,6.24554170786938,0.130329150384471,0.0177080093224139,0.0121562321777771
2,417,4.39508511293817,865,1296,-0.0329796191424531,2.7795546831072,-2.83991244251428,2.74320982057877,-0.028388275156316,-0.0490756246742265,0.0121562321777771
3,417,1.74704242043682,1297,1728,1.2664850146614,1.16874458147366,-0.64666424700076,2.18746145024449,-0.00298987268530241,0.0858160503267766,0.0121562321777771
4,417,-0.757945754118678,1729,2160,-0.497371020921739,1.57751446118874,-2.02354308849712,1.26685799059638,0.0087567362408973,-0.0368836303610477,0.0121562321777771
5,417,2.57031256232276,2161,2448,2.35430885641794,1.32431534434415,-0.425205770912928,4.26278649174672,-0.170335805596956,-0.00868844699083058,0.0121562321777771
6,417,2.72565487435353,2449,2880,0.534490801629114,5.98021144381053,-4.60467177593367,7.80389568466344,0.00264850271716261,-0.0418622996050293,0.0121562321777771
7,417,2.49328176845978,2881,3312,0.521168800016719,3.77312912063216,-2.93851769878055,4.89541643368071,0.177070199970047,0.0526533056286062,0.0121562321777771
8,417,-1.62681027291774,3313,3744,-1.01477475535365,2.31130311606863,-3.83797238498624,1.45016766299672,-0.0348259192162038,-0.0280650841574024,0.0121562321777771
9,417,-0.00144188355243383,3745,4032,0.0796341259505536,2.87144455620809,-2.82768571814458,3.05494003926583,-0.337983235181724,0.0365826945867651,0.0121562321777771
0,419,-4.1083044754645,1,432,-0.306963375342693,3.17027709625428,-3.6980959492187,2.73680851510004,0.022290285767696,-0.0937573615868847,0.0997085125395684
1,419,-2.61646375010505,433,864,-0.0764402429084983,2.97356648417482,-3.09370118069663,2.8807859554805,0.0876491407285854,-0.105481304747176,0.0997085125395684
2,419,-0.582402110217942,865,1296,-0.113132610348606,3.69693951048593,-3.91634979770454,3.50273910433341,0.155159366076421,-0.0303220187481617,0.0997085125395684
3,419,-2.83273224885701,1297,1728,-0.615097745244712,4.00099350757378,-5.4382637001988,2.95540379685203,0.0519293631049965,0.0956283643267908,0.0997085125395684
4,419,-0.207567837123576,1729,2160,-0.29475977160234,1.97769345953221,-2.29700295521475,1.72318370160812,-0.0684405959921865,0.032874081716378,0.0997085125395684
5,419,-0.139443313701991,2161,2592,-0.154203633240713,2.66616781667911,-2.88609000273219,2.48241403891788,-0.183838136411272,0.00342862354584807,0.0997085125395684
6,419,1.08749397447921,2593,3024,0.326683970576353,3.24673738438614,-2.76873303039575,3.83300734057671,-0.0821905896231139,-0.136175069057355,0.0997085125395684
7,419,-0.62641710555351,3025,3456,-0.0802267861662177,3.38260944392999,-3.54892036805088,3.26033102259053,-0.0890473793711959,-0.048146409779899,0.0997085125395684
8,419,-0.0728306949042819,3457,3888,-0.118339388412076,3.04722027074022,-3.24643502810849,2.89463159197856,0.068392136291148,-0.0381566446611465,0.0997085125395684
0,420,0.3772257428747,1,432,1.18648102861591,0.675994856107884,-0.384546814659265,1.23768059711661,0.0554663963505504,-0.135342967696633,0.0424941296203672
1,420,-1.48256284608317,433,864,0.507633795531462,1.53375697204132,-1.22219338018667,1.96408346349441,0.0120950719428596,-0.0171389700729992,0.0424941296203672
2,420,-0.321920215892148,865,1296,1.09426800910818,2.17194342974928,-1.28231083841871,3.7245966703832,0.354127570371124,0.00296918056097173,0.0424941296203672
3,420,1.25810979880832,1297,1728,0.710943337733551,2.10241712151317,-1.49429079208127,2.99483819628154,0.135107155485347,-0.0852114687330555,0.0424941296203672
4,420,0.519051870865583,1729,2160,1.576832310965,1.9687697130184,-0.916219623550654,4.30597354743498,-0.0407396769620652,-0.269016063500625,0.0424941296203672
5,420,0.193616051336951,2161,2592,0.585389441401042,1.15686747840885,-0.887094130332829,1.55386383533302,-0.0692827573753311,0.0403792886056898,0.0424941296203672
6,420,0.749064527986289,2593,3024,0.681390187442325,2.22530124852186,-1.60883389915678,3.11895156112513,0.0379074761690048,-0.0314503461538417,0.0424941296203672
7,420,0.290149040567032,3025,3456,0.827167072336713,2.60102970031622,-1.77068042392656,3.89737835151783,0.0298733917293591,0.0195699400041623,0.0424941296203672
8,420,0.79504902111869,3457,3888,0.799207809832296,1.83210834127819,-1.27680604819293,2.71095719863982,-0.0385979509031252,0.0141721302021511,0.0424941296203672
0,421,-3.2671577646987,1,432,-0.0117769251358573,0.974750347798025,-0.998980497407054,0.981576789284981,-0.0828994212432045,0.0924779219050619,0.42781227132732
1,421,1.33220104792631,433,864,0.886924693190546,3.59088629804936,-2.32278735778938,5.591816930424,0.0785052495333476,-0.0392637094387371,0.42781227132732
2,421,-0.235217994497283,865,1296,1.03630024863838,2.25166696139425,-1.35790126531687,3.76563494975322,0.0638629614778077,-0.0917063369721429,0.42781227132732
3,421,-0.74330548064939,1297,1728,0.714890962046774,2.53537484228985,-1.78612400332946,3.62839555344509,0.112152644642014,-0.00398734843795423,0.42781227132732
4,421,-0.522941603290796,1729,2160,0.760320464006208,1.63497426403517,-1.1393176118061,2.38473740699763,0.0037316185514572,0.177874278979419,0.42781227132732
5,421,-2.45573589208574,2161,2592,0.523471330802202,2.67295597539397,-2.07512918272317,3.47127325347335,-0.0899823692843628,-0.0598339539427477,0.42781227132732
6,421,-0.1156117564302,2593,3024,0.263834979261679,5.27897528902064,-4.65053215735195,6.0154415926146,-0.0618296535037432,-0.0203542927465388,0.42781227132732
7,421,0.266372899294515,3025,3456,-0.0204114243694635,3.28893084308347,-3.35649528453837,3.25471443684871,0.0827449713864069,-0.0632713252401951,0.42781227132732
8,421,0.982752490811884,3457,3888,0.688943041799039,4.14476735936882,-2.98462187561138,5.83124812693266,0.00609240670642757,-0.0116372912101318,0.42781227132732
0,423,0.729755490380437,1,432,0.53247588910694,3.03875948750656,-2.34258252275477,3.97749716417819,-0.0223267981973064,-0.059633779346656,0.381637456178719
1,423,0.167272953405957,433,864,0.533883207567827,1.45964152946165,-1.13329916258242,1.92147609632183,-0.0612176315102314,-0.0128200035390336,0.381637456178719
2,423,-2.35917052286249,865,1152,-0.0954605832906572,1.65925926688224,-1.77363480286699,1.59467145803298,0.0828222059780628,-0.00926682238226102,0.381637456178719
3,423,-2.5340218990592,1153,1296,-0.0599467946150552,1.8028701064721,-1.90321623479252,1.77099293087005,-0.0534747712804325,0.140331322441825,0.381637456178719
4,423,0.237979513415744,1297,1728,-0.477707809745007,1.42399990180102,-1.81281882160997,1.14336872718604,0.108401371511425,0.116592386859156,0.381637456178719
5,423,0.556152747873293,1729,2160,0.821801688341463,3.44111641881786,-2.29485579051478,5.19167997460634,0.195091958600218,0.0269801462535139,0.381637456178719
6,423,-2.20379916119121,2161,2592,0.0474621183916255,3.18052763159621,-3.12407648019478,3.25849631938368,0.107109182712374,-0.00875471976883094,0.381637456178719
7,423,0.876134787552184,2593,3024,1.06365705864584,1.78440602879649,-1.06995563307284,3.03681815681131,0.00427112545419413,0.0332175403047068,0.381637456178719
8,423,-1.91581711968773,3025,3456,-0.706335522225141,1.79553553498669,-2.5806584434883,1.28040192648368,0.0847587198927459,0.0786124794278467,0.381637456178719
9,423,-1.17568729184298,3457,3888,0.845451052752945,2.30627410889909,-1.54938927780529,3.52204330532585,-0.0230961990554843,0.0237686884682531,0.381637456178719
0,424,-3.44898020213837,1,432,-0.0571631811453251,2.68213494283274,-2.76581569090743,2.62872579435215,0.0215867719812499,0.0812860410784148,0.0180235295672128
1,424,-2.78904694569411,433,864,0.138826645351383,3.16432898621387,-2.95787371199008,3.40695890478403,0.00219263903222416,-0.107426605056729,0.0180235295672128
2,424,-1.94789388690938,865,1296,0.612443379048799,3.55300538358939,-2.62437724372408,4.84344934879831,-0.0363539700168452,-0.140570863755305,0.0180235295672128
3,424,0.373452511891521,1297,1728,0.156096268744079,2.67175813487386,-2.48354159721201,2.90742393745988,0.134021479361106,-0.0232867988134913,0.0180235295672128
4,424,-3.96132457235736,1729,2160,0.380283596923053,2.94960534249518,-2.45482273110924,3.57072811130987,-0.06775775271302,0.0215814804406516,0.0180235295672128
5,424,-0.980713298205641,2161,2592,0.248707671089985,5.04021867382958,-4.46643790288473,5.71177622802973,0.0568312631097685,-0.0670996397432995,0.0180235295672128
6,424,-0.373888725568747,2593,3024,0.939232894385933,3.5029808491653,-2.2101886288365,5.59681533330606,-0.100843281503314,0.0914602460667209,0.0180235295672128
7,424,-1.48122469115901,3025,3456,0.438162756430448,3.06265751901812,-2.48891352015681,3.80879815223051,0.104450820008325,0.0716171771986931,0.0180235295672128
8,424,-1.2236304508691,3457,3888,0.96321788802438,2.72551964171951,-1.71452390888865,4.40989437146747,-0.171507171735768,0.14439149554281,0.0180235295672128
0,425,-1.70134835267735,1,432,-0.386590487104408,2.37074549552585,-2.89620009847658,1.96966271937649,0.162266751976681,0.0554935251402746,0.00282455422576723
1,425,-0.452270590500876,433,864,0.328158632059898,3.7295241149148,-3.20131666132437,4.384380551728,0.0935760131095454,-0.0475286688129744,0.00282455422576723
2,425,-0.456077127023535,865,1296,0.0601272627888025,3.96885483202398,-3.8611503542898,4.09837538901674,-0.0102691750072494,-0.0461126883760621,0.00282455422576723
3,425,-3.9154408169687,1297,1728,-0.521090734293682,3.2960072032575,-4.27821074035109,2.55600622370955,-0.000415603774413048,-0.00774302922739512,0.00282455422576723
4,425,-0.209523952367825,1729,2160,0.0340374574205995,4.12390092631461,-4.0610870724473,4.20586707867344,-0.105424374578694,-0.045518960265776,0.00282455422576723
5,425,0.557829617153689,2161,2592,0.797136142903287,3.37252251079218,-2.2776596618361,5.02563045616274,0.0728755236820835,-0.017751592529004,0.00282455422576723
6,425,2.45613705827915,2593,3024,0.728566558022113,1.53192098134527,-1.07953915147175,2.21912189648068,0.000997485969256344,0.0604579254949747,0.00282455422576723
7,425,0.0378802611847508,3025,3456,1.34924761821347,1.83531307350182,-0.969307502769272,3.59425223487663,0.149935198838347,-0.0248128604907855,0.00282455422576723
8,425,-1.83792431321782,3457,3888,0.183266220804947,3.50509177865534,-3.26942523786356,3.82074381385645,0.0191482040430749,0.165397746529881,0.00282455422576723
0,426,0.843069547386848,1,288,0.587325892933244,4.7262758244568,-3.55853022565753,6.33151905448511,-0.0808099231739384,-0.108109819086534,0.380010187133018
1,426,2.2893607002063,289,720,1.47759661934987,1.4992548939033,-0.735865705010236,3.12723287742731,0.00621342981357309,0.0542826987337827,0.380010187133018
2,426,0.895858303387418,721,1152,0.581174219533924,3.53429563194849,-2.66046108956544,4.72887613243245,-0.0830407771394137,0.0936820566987088,0.380010187133018
3,426,1.8058489268981,1153,1584,0.0786308201703852,2.12592847902742,-2.06358213235553,2.24035348914523,0.0617151592588893,-0.00280639745153414,0.380010187133018
4,426,2.84254140475559,1585,2016,0.971919647317352,1.28558128007561,-0.806508673009294,2.10815068791368,0.0218405635703092,-0.0225704699812269,0.380010187133018
5,426,4.43798852750682,2017,2448,1.07231624976574,2.33136941260934,-1.3876314832277,3.96672238787286,-0.0318894129474697,-0.0154246571314744,0.380010187133018
6,426,3.25101576539685,2449,2880,1.43104775753177,3.38439934308153,-1.70781511803266,6.82461059211012,0.0662691199201288,-0.0256076465357361,0.380010187133018
7,426,1.85662807133638,2881,3312,1.59081733627847,2.43475384206317,-1.12388287625594,5.36132670280149,-0.0162456806062688,0.0078159698199789,0.380010187133018
8,426,1.63049422578942,3313,3744,0.983822719219715,3.28603503435033,-2.05698593720111,5.36898559808133,-0.0516442796963079,0.0134627166556875,0.380010187133018
9,426,-0.917723841487448,3745,4032,0.705353494197255,1.87132430259511,-1.36035302009687,2.68373707482292,0.0851270835729229,0.0405697813583161,0.380010187133018
0,427,1.21985783890893,1,432,0.141468124158469,3.08552975251758,-2.89092673747582,3.31382749958351,0.00742436613663474,0.052987618826067,0.109191259744766
1,427,3.112651746625,433,864,0.817199169420551,2.6550713644518,-1.78950653229434,3.9804317878909,-0.0526212692846811,0.0128264275732968,0.109191259744766
2,427,-1.79779912982865,865,1296,0.291929394371273,1.80673189044011,-1.58072064302407,2.09340680725566,0.187964531011397,-0.0020101406175155,0.109191259744766
3,427,1.6359430916844,1297,1728,0.716521070168447,1.84229878123962,-1.29828419647238,2.64251982052821,0.0922403173157919,-0.0463045256823671,0.109191259744766
4,427,1.34328398977341,1729,2160,1.1727351269305,2.49091300524955,-1.40788471238396,4.46353084891303,-0.0382988085965734,0.0185577486698553,0.109191259744766
5,427,1.41453315832616,2161,2592,0.344394147628735,3.12059178163822,-2.64455352453029,3.70663969082823,-0.0956852044730776,-0.00422128599770689,0.109191259744766
6,427,0.363036340795189,2593,3024,0.743828410336107,3.16886498647532,-2.20112018520491,4.59372790459817,0.134234807509069,0.109731880330702,0.109191259744766
7,427,-1.21065284324654,3025,3456,0.386324465266994,2.09674932106993,-1.75706199273001,2.54808230108289,-0.184355782201115,-0.0176397961436019,0.109191259744766
8,427,2.07553313161511,3457,3888,0.728791127465725,3.2345553923638,-2.28919665925683,4.6480133374496,0.0265137556035998,-0.157807683357505,0.109191259744766
0,428,0.723392602861584,1,432,-0.856305952843263,3.0918689770331,-4.72530774874581,2.05899396826909,0.19924959251524,-0.0564015615644856,0.0514470473735861
1,428,-2.64371998482976,433,864,-0.533126112333616,2.09610697839854,-2.74280691587551,1.63086506720992,0.019995374281853,-0.104966919239452,0.0514470473735861
2,428,-1.68030277871588,865,1152,0.478449922135697,2.36445103603317,-1.90057224242272,2.99413634255718,0.0649693694369486,-0.19030063378439,0.0514470473735861
3,428,1.12402291934056,1153,1584,1.0722066761504,1.4975551999492,-0.897553007578367,2.56528656537464,0.0835325602255259,0.0178884225026341,0.0514470473735861
4,428,-2.95496447906809,1585,2016,-0.738379104677714,2.18849993644548,-3.17552880663483,1.5325371573127,0.148525809279557,-0.00968416338650582,0.0514470473735861
5,428,1.99915036246045,2017,2448,1.4084268440979,3.00534059738972,-1.51814300944264,6.05333225541171,-0.258887589957561,0.0410611796416926,0.0514470473735861
6,428,0.895051626302932,2449,2880,0.078744921694825,3.42331855093638,-3.30384962661711,3.57065505753348,0.0784795908153301,-0.0193335870697944,0.0514470473735861
7,428,0.895167210866575,2881,3312,0.107793565628709,3.77750818625869,-3.60176902517076,3.99566994360762,0.210041326628487,-0.00566403867126935,0.0514470473735861
8,428,-0.261949026636217,3313,3744,0.685397921846021,3.03763689345762,-2.20413837124388,4.28168664021505,-0.0497268880529328,-0.0793653924058434,0.0514470473735861
9,428,-0.86068374696679,3745,4032,0.0455444872912547,2.6848386289647,-2.7121591447015,2.82377619338993,0.0393422517357935,-0.0141781447626104,0.0514470473735861
0,429,4.34673872339493,1,432,1.97892791332433,1.46757938058257,-0.558956053548614,3.91484409448284,-0.0968061855646106,0.113394122051075,0.57925567092156
1,429,1.78086693227779,433,864,0.668812347881839,2.19976890855981,-1.60632092362126,3.05522992319959,-0.0139012887528509,-0.111599191457443,0.57925567092156
2,429,2.93934375859533,865,1296,1.99239279970543,1.34711280225277,-0.514600463987137,3.62487269496562,-0.00951233893781705,0.0205032319995109,0.57925567092156
3,429,2.41875621453159,1297,1728,1.43432778633551,2.4184340924844,-1.20978990834042,4.91912844294709,-0.0135213850423017,-0.0074011395031669,0.57925567092156
4,429,1.4709866180759,1729,2016,1.06048506784312,2.90834721975982,-1.73935542582415,4.93632369635135,0.0456927349131336,-0.0806216256044652,0.57925567092156
5,429,4.29980391700168,2017,2448,1.90183683684835,2.11043391164451,-0.831801787246663,5.42292861031081,0.0467464205936505,-0.0629701694154823,0.57925567092156
6,429,0.92742624749982,2449,2736,2.30924423449105,1.54354745646181,-0.506157507332543,4.81847473303796,-0.215758420396746,0.102719727046251,0.57925567092156
7,429,2.32403856595113,2737,3168,1.6908279130695,1.74185220470916,-0.770470238687032,4.01864004648131,0.0295444981106707,0.078384374177272,0.57925567092156
8,429,0.831480438513265,3169,3600,1.08161451699897,1.95570800311457,-1.18726356142708,3.35695553120451,0.0686030352819176,-0.0109025889159427,0.57925567092156
9,429,3.37963006508119,3601,4032,1.55645102280613,1.82539226266745,-0.893095843655794,3.93407377634344,-0.179651249331088,0.029874066047866,0.57925567092156
0,430,4.00936117707369,1,432,0.954913475357178,5.23562289423159,-3.26153475516323,8.43603591381613,0.101009014749158,-0.0629226263659636,0.0013501535381099
1,430,2.79609743293935,433,864,0.965902200887951,3.55111106310741,-2.20707055844,5.75339312126006,0.0992235915362513,-0.0545568873645771,0.0013501535381099
2,430,-0.661324429240824,865,1296,0.529135510856597,4.60507809764782,-3.54539922618578,6.00290828499679,0.0357583932520643,-0.0394327050777225,0.0013501535381099
3,430,1.54021253688884,1297,1728,0.859134364317662,3.21011989337736,-2.10294073804779,4.93135636133742,0.181690888665395,-0.0734828442101583,0.0013501535381099
4,430,1.19328142399215,1729,2160,1.04571663308663,2.3225704412401,-1.40295041868478,3.89394869745315,0.0685609974272411,-0.160813608724973,0.0013501535381099
5,430,0.165729947770985,2161,2592,1.38711759178509,2.33004192760956,-1.17903164067265,4.65431192664042,0.355173172662278,-0.0489565274105157,0.0013501535381099
6,430,0.554834604904919,2593,3024,0.567713602654857,4.85782149308999,-3.70896241116645,6.41909599189709,0.143397863172358,0.180958071388699,0.0013501535381099
7,430,2.09733696757841,3025,3456,1.05653999132816,2.61786698281868,-1.57862884848533,4.41906987118258,-0.165936490551856,0.0599169550799141,0.0013501535381099
8,430,-0.183821863310148,3457,3888,0.911336234373114,1.78126440268883,-1.15919061956701,2.80242037786157,-0.0320462811553399,-0.0174736765309567,0.0013501535381099
0,431,-0.639154804739528,1,432,0.0996846489578792,4.46537972474932,-4.24141835986781,4.7217815991851,0.104254766748092,0.0140512087608355,0.750120415790982
1,431,2.31601769038959,433,864,0.664203801709106,6.04855391565694,-4.34878785127804,8.4365015517334,0.0352249774859038,-0.00527940536282719,0.750120415790982
2,431,-1.45206718668691,865,1296,0.683013983506187,4.29256891743984,-3.05063272687535,6.08750165551347,0.0584317968187301,-0.0544251606897941,0.750120415790982
3,431,0.175002868941344,1297,1728,0.631340661090833,4.17717763502502,-3.05195201107766,5.73468272047615,0.010742421372781,0.020293939756784,0.750120415790982
4,431,0.229746395256914,1729,2160,0.407913787280361,3.48493920541826,-2.84286773514022,4.29101873222727,0.0405060039553329,0.0539707531551486,0.750120415790982
5,431,-0.56684979816164,2161,2592,0.485836409550175,3.82950550357262,-3.01428165790046,4.88106922076431,-0.0588506731070075,0.073269238909834,0.750120415790982
6,431,0.435550687195154,2593,3024,0.711655551748317,3.88450121307608,-2.7249476564801,5.56721535108264,-0.141872706966931,0.0311233433139686,0.750120415790982
7,431,0.482614591925911,3025,3456,0.797883076392848,4.32651954871822,-2.95577808461558,6.38550879781833,0.0404485681060439,-0.0533241411320689,0.750120415790982
8,431,0.696052004407607,3457,3888,0.74861688879687,2.8052108731578,-1.94352298223245,4.0903495002306,-0.0629156187920311,0.0998309448656292,0.750120415790982
0,432,-0.350077018265924,1,432,-0.0449560220380341,1.39145890851431,-1.42710465423395,1.38055138784494,-0.127877103054357,0.0417090187192863,0.837409541714033
1,432,-2.2918333536323,433,864,-0.109612986977328,3.12951611909535,-3.31402272854003,2.97949822233978,NaN,NaN,0.837409541714033
2,432,1.74049437925728,865,1296,-0.142614633220885,2.83788472569425,-3.05820714772252,2.65087074269922,NaN,NaN,0.837409541714033
3,432,-1.30655947518497,1297,1728,-0.297588457587092,4.24022185294021,-4.93192509640069,3.66365528390067,NaN,NaN,0.837409541714033
4,432,-1.81341286261524,1729,2160,-0.501387876824734,2.81050826242779,-3.61644307802339,2.20557699887565,NaN,NaN,0.837409541714033
5,432,-1.64207762037339,2161,2592,-0.114013051685296,6.19575050807094,-6.5577852440881,5.87282297109591,NaN,NaN,0.837409541714033
6,432,1.09047672156326,2593,3024,-0.127530454145417,4.0116991462672,-4.28611667105507,3.77320686935943,NaN,NaN,0.837409541714033
7,432,-0.975247471354709,3025,3456,-0.14247089479948,4.35166362104918,-4.6785888651744,4.08042873117584,NaN,NaN,0.837409541714033
8,432,-1.88769831857537,3457,3888,-0.274938477061407,2.57016910345177,-2.96405307477714,2.26804942297779,NaN,NaN,0.837409541714033
0,433,-0.605012562670211,1,432,0.194210558748213,5.79596609740965,-5.27141075265315,6.39174471100648,-0.0515103460426012,0.115575014795279,0.96038608235224
1,433,0.272029299404275,433,864,0.154858148743563,5.3360562987609,-4.95854067451205,5.76273192759661,0.0493213400654649,-0.154038133227277,0.96038608235224
2,433,1.26437833899743,865,1296,0.735112303219841,1.98484996761255,-1.3931879782664,2.87905595861409,0.125779227284449,-0.0526268392307627,0.96038608235224
3,433,1.19757714221871,1297,1728,0.374488387350555,3.29755690522055,-2.74419155897477,3.98092141163692,-0.293958275331344,-0.047154397049954,0.96038608235224
4,433,1.21238238979946,1729,2160,0.151010631243161,3.55946001350846,-3.32034922007064,3.84327684956973,-0.118611471638475,-0.029371826345759,0.96038608235224
5,433,-0.472886041879348,2161,2592,0.145463688479974,2.99769306323303,-2.80866356159563,3.22149794549505,0.0161339766463249,-0.0593517224065641,0.96038608235224
6,433,-1.45215735135438,2593,3024,0.265513496660323,3.6272577032993,-3.19127056217511,4.1494600786721,-0.0152959486075703,0.224261775147838,0.96038608235224
7,433,1.74393321945812,3025,3456,0.287318132164745,3.26120296703753,-2.85017238597103,3.77610882592343,0.116225022846687,0.0736644193521427,0.96038608235224
8,433,1.32475831587012,3457,3888,0.232893548985647,2.58860334333635,-2.34638069637793,2.90339217445834,0.142156052050953,0.0412005386454855,0.96038608235224
0,434,1.20214131309695,1,432,0.600456128663779,1.06371662416844,-0.804269814119854,1.44696761384508,0.0606065126979418,-0.0456327611902626,0.237208577420003
1,434,-2.07481679794995,433,864,0.219761345165298,1.6870315540877,-1.51720105941388,1.90356562989634,-0.0841920300187577,-0.0501795709112662,0.237208577420003
2,434,-1.81817323433403,865,1296,-0.378177019239538,2.13448406814943,-2.57456914269346,1.7901073903778,-0.110266897343568,0.0352801292828502,0.237208577420003
3,434,-2.50475855060525,1297,1584,-0.682311351739255,5.02963413153753,-7.05253987219449,3.61361293017439,0.166607054113427,-0.0853800938930067,0.237208577420003
4,434,1.52157738727584,1585,1946,0.387761568665238,3.12396357066101,-2.64222628112447,3.75383868852908,0.0368266013572544,0.0377527981902009,0.237208577420003
5,434,-0.800442295202949,1947,2448,-0.236976359551633,1.98386935719117,-2.24147338617542,1.77827230125362,0.112378159162143,-0.0136857667395204,0.237208577420003
6,434,1.5429890822237,2449,2880,0.349722583482222,2.60103016217379,-2.19778101868563,3.11638677377689,-0.0237583375085869,0.0200351691388906,0.237208577420003
7,434,-0.746759347563844,2881,3312,-0.0304829029280744,1.89155788228949,-1.94001848543038,1.88013799412158,0.0165046523023355,0.0382674746262374,0.237208577420003
8,434,-0.48757339243439,3313,3744,-0.614383341041657,1.93098508573482,-2.7022732785764,1.47710571773501,0.076192480499432,0.0968996930892506,0.237208577420003
9,434,0.953384062009064,3745,4032,1.08365294797505,1.94194228222383,-1.15387549700374,3.57920964743769,0.0726517067062364,-0.196588139052027,0.237208577420003
0,501,1.55867718179596,1,432,1.33959878327843,1.6939733626779,-0.913834103389207,3.25759450924036,-0.0968966028509518,0.0403757963901913,0.0156403591856757
1,501,2.91109930748351,433,864,1.96773502879431,1.56019065347273,-0.603618280099116,4.1288880670642,0.00973429990118161,0.000350900746067626,0.0156403591856757
2,501,0.111338478272318,865,1296,0.772829321792219,1.93609241793874,-1.40027732126427,2.79218614914502,-0.0251938934123438,0.00654523926070132,0.0156403591856757
3,501,4.4181638452017,1297,1728,1.30686898279806,1.33635480080143,-0.709960405746904,2.56258723711154,-0.0914653102120085,-0.00906506283586898,0.0156403591856757
4,501,2.40194422519173,1729,2160,1.28069038983104,0.86730594413538,-0.479060340843228,1.63397256852171,0.044463746089014,0.171405608864109,0.0156403591856757
5,501,1.52508408763438,2161,2592,2.28554716846114,0.718211330243515,-0.239586245082425,2.23772191948853,-0.0957471139442192,-0.0398442529635561,0.0156403591856757
6,501,1.33962823220493,2593,3024,1.97947547414851,0.876102001349833,-0.342421681394334,2.33056361246178,-0.0395969019709469,0.0772264670234937,0.0156403591856757
7,501,3.01159262294512,3025,3456,2.89706551026625,2.35231107846988,-0.596168694462672,9.8435290621438,0.00992380835171898,0.0803710751707078,0.0156403591856757
8,501,3.17801061163322,3457,3888,1.84702708619298,2.11079049391693,-0.878643743093314,5.23340859814379,-0.0471598544542121,-0.111106134056534,0.0156403591856757
0,502,-0.573582390588612,1,432,0.807282693220185,2.00187591871458,-1.36270876705583,2.99437018369194,-0.013278306041304,0.00155893117460332,2.60318614232704e-09
1,502,1.00602547241346,433,864,0.418664152551726,2.92088565156144,-2.3820236250875,3.60849243485179,0.0638107137204962,-0.0416301895126837,2.60318614232704e-09
2,502,0.217200211942861,865,1296,0.741548205698406,2.55404996482844,-1.77799975203297,3.70762055491447,-0.00986670299456885,0.0350276817988559,2.60318614232704e-09
3,502,2.46248715462245,1297,1728,0.46533612707639,3.15136479803786,-2.52517753183859,3.96359670522671,0.0332127311989845,-0.058239679483777,2.60318614232704e-09
4,502,-1.14723857209361,1729,2160,0.635961367759633,1.83681248766046,-1.35171513061951,2.5315994570906,-0.210420980090147,-0.074076066254206,2.60318614232704e-09
5,502,2.34843955566526,2161,2592,0.692596843304257,2.73020589193573,-1.94926592664331,3.85742778870839,0.063249366787132,-0.0385083941683182,2.60318614232704e-09
6,502,0.32725557884617,2593,3024,-0.159969227965789,3.9731461923562,-4.31494265509255,3.67365174274138,-0.154445571471368,-0.0482713342585303,2.60318614232704e-09
7,502,1.74455256710435,3025,3456,0.950442838187088,2.57856108009571,-1.64075339289008,4.12438530632696,-0.120559444785576,0.056675101794545,2.60318614232704e-09
8,502,1.85517439872156,3457,3888,0.236738290866699,3.07562953382742,-2.77326057715624,3.4645789041255,0.139464515650839,-0.193338351972035,2.60318614232704e-09
